Workbook

Sheet Overview and Setup
B2: Setup
B3: Using the TEG-testrig the opencircuit output voltage is measured for a 1 to 15 degrees delta T
B4: The voltage under load is used to calculate the output current
B5: With the current and voltage the resistance and power output can be apporched
B7: Datasheet values | H7: Measured | J7: Derived
B8: Module | C8: Lenght [mm] | D8: Width [mm] | E8: Area [mm2] | F8: Pellets | H8: Seebeck Coefficient [mV] | J8: Resistance [Ω] | K8: Pmax @ ΔT 15 °C [µW] | L8: Power density [µW/mm2]
B9: CP076581 | C9: 6.5 | D9: 8.1 | E9: =D9*C9 -> 52.65 | F9: 64 | H9: ='1S CP07'!B29 -> 6.3777261 | J9: =AVERAGE('1S CP07'!$N$3:$N$12) -> 8.0991424 | K9: 293.6 | L9: =K9/E9 -> 5.5764482
B10: CP10726 | C10: 7.2 | D10: 6.2 | E10: =D10*C10 -> 44.64 | F10: 36 | H10: ='1S CP10'!B29 -> 3.7724926 | J10: =AVERAGE('1S CP10'!$N$3:$N$12) -> 3.3663227 | K10: 206.6 | L10: =K10/E10 -> 4.6281362
B11: MGM250 | C11: 11.2 | D11: 11.2 | E11: =D11*C11 -> 125.44 | F11: 36 | H11: ='1S MGM250'!B29 -> 3.0674336 | J11: =AVERAGE('1S MGM250'!$N$3:$N$12) -> 2.168794 | K11: 212.4 | L11: =K11/E11 -> 1.6932398
B12: 1MD04-127-15 | C12: 9.8 | D12: 9.8 | E12: =D12*C12 -> 96.04 | F12: 127 | H12: ='1S 1MD04'!B29 -> 18.713383 | J12: =AVERAGE('1S 1MD04'!$N$3:$N$12) -> 37.004442 | K12: 522.1 | L12: =K12/E12 -> 5.4362766
B13: 1MD06-127-15 | C13: 13 | D13: 13 | E13: =D13*C13 -> 169 | F13: 127 | H13: ='1S 1MD06'!B29 -> 12.928559 | J13: =AVERAGE('1S 1MD06'!$N$3:$N$12) -> 19.315567 | K13: 468.4 | L13: =K13/E13 -> 2.7715976

Sheet 1S CP07
B1: Set Point | F1: Actual (Avg over 10 sec) | J1: Measurement | M1: Calculated
B2: Hot Side | C2: Cold Side | D2: ΔT | F2: Hot Side | G2: Cold Side | H2: ΔT | J2: Voc [mV] | K2: Vload [mV] | M2: mA | N2: R [Ω] | O2: Power [µW] | P2: Pmax [µW]
B3: 35 | C3: 20 | D3: =B3-C3 -> 15 | F3: 35 | G3: 20.1 | H3: =F3-G3 -> 14.9 | J3: 94.9 | K3: 54.4 | M3: =ABS(K3)/10.3 -> 5.2815534 | N3: =ABS(J3*10^-3)/(M3*10^-3)-$I$32 -> 7.6681985 | O3: =ABS(K3*10^-3)*ABS(M3*10^-3)*10^6 -> 287.3165 | P3: =(J3*J3)/(4*N3) -> 293.61557
B4: 35 | C4: 22 | D4: =B4-C4 -> 13 | F4: 35 | G4: 22.1 | H4: =F4-G4 -> 12.9 | J4: 82 | K4: 46.8 | M4: =ABS(K4)/10.3 -> 4.5436893 | N4: =ABS(J4*10^-3)/(M4*10^-3)-$I$32 -> 7.7470085 | O4: =ABS(K4*10^-3)*ABS(M4*10^-3)*10^6 -> 212.64466 | P4: =(J4*J4)/(4*N4) -> 216.98698
B5: 35 | C5: 24 | D5: =B5-C5 -> 11 | F5: 35 | G5: 23.5 | H5: =F5-G5 -> 11.5 | J5: 73.2 | K5: 40.5 | M5: =ABS(K5)/10.3 -> 3.9320388 | N5: =ABS(J5*10^-3)/(M5*10^-3)-$I$32 -> 8.3162963 | O5: =ABS(K5*10^-3)*ABS(M5*10^-3)*10^6 -> 159.24757 | P5: =(J5*J5)/(4*N5) -> 161.07651
B6: 35 | C6: 26 | D6: =B6-C6 -> 9 | F6: 35.1 | G6: 25.8 | H6: =F6-G6 -> 9.3 | J6: 59.3 | K6: 33.7 | M6: =ABS(K6)/10.3 -> 3.2718447 | N6: =ABS(J6*10^-3)/(M6*10^-3)-$I$32 -> 7.8243323 | O6: =ABS(K6*10^-3)*ABS(M6*10^-3)*10^6 -> 110.26117 | P6: =(J6*J6)/(4*N6) -> 112.35751
B7: 35 | C7: 28 | D7: =B7-C7 -> 7 | F7: 35.1 | G7: 27.7 | H7: =F7-G7 -> 7.4 | J7: 48 | K7: 26.9 | M7: =ABS(K7)/10.3 -> 2.6116505 | N7: =ABS(J7*10^-3)/(M7*10^-3)-$I$32 -> 8.0791822 | O7: =ABS(K7*10^-3)*ABS(M7*10^-3)*10^6 -> 70.253398 | P7: =(J7*J7)/(4*N7) -> 71.294345
B8: 35 | C8: 30 | D8: =B8-C8 -> 5 | F8: 35.1 | G8: 29.8 | H8: =F8-G8 -> 5.3 | J8: 34 | K8: 19 | M8: =ABS(K8)/10.3 -> 1.8446602 | N8: =ABS(J8*10^-3)/(M8*10^-3)-$I$32 -> 8.1315789 | O8: =ABS(K8*10^-3)*ABS(M8*10^-3)*10^6 -> 35.048544 | P8: =(J8*J8)/(4*N8) -> 35.540453
B9: 35 | C9: 31 | D9: =B9-C9 -> 4 | F9: 35 | G9: 30.6 | H9: =F9-G9 -> 4.4 | J9: 28.3 | K9: 15.6 | M9: =ABS(K9)/10.3 -> 1.5145631 | N9: =ABS(J9*10^-3)/(M9*10^-3)-$I$32 -> 8.3852564 | O9: =ABS(K9*10^-3)*ABS(M9*10^-3)*10^6 -> 23.627184 | P9: =(J9*J9)/(4*N9) -> 23.877922
B10: 35 | C10: 32 | D10: =B10-C10 -> 3 | F10: 35 | G10: 31.6 | H10: =F10-G10 -> 3.4 | J10: 20.7 | K10: 11.7 | M10: =ABS(K10)/10.3 -> 1.1359223 | N10: =ABS(J10*10^-3)/(M10*10^-3)-$I$32 -> 7.9230769 | O10: =ABS(K10*10^-3)*ABS(M10*10^-3)*10^6 -> 13.290291 | P10: =(J10*J10)/(4*N10) -> 13.520316
B11: 35 | C11: 33 | D11: =B11-C11 -> 2 | F11: 35 | G11: 32.8 | H11: =F11-G11 -> 2.2 | J11: 14.7 | K11: 8 | M11: =ABS(K11)/10.3 -> 0.77669903 | N11: =ABS(J11*10^-3)/(M11*10^-3)-$I$32 -> 8.62625 | O11: =ABS(K11*10^-3)*ABS(M11*10^-3)*10^6 -> 6.2135922 | P11: =(J11*J11)/(4*N11) -> 6.2625706
B12: 35 | C12: 34 | D12: =B12-C12 -> 1 | F12: 35 | G12: 34 | H12: =F12-G12 -> 1 | J12: 7.4 | K12: 4.1 | M12: =ABS(K12)/10.3 -> 0.39805825 | N12: =ABS(J12*10^-3)/(M12*10^-3)-$I$32 -> 8.2902439 | O12: =ABS(K12*10^-3)*ABS(M12*10^-3)*10^6 -> 1.6320388 | P12: =(J12*J12)/(4*N12) -> 1.6513386
B28: Open-Circuit
B29: {=LINEST(J3:J12,H3:H12,0)} -> 6.3777261 | C29: 0
B31: Measurements Setup | I31: Load
B32: Fluke 17B+ | D32: 22,7 Ambient | I32: 10.3 | J32: Ohm
B33: 1S
T43: 30| | U43: 29.88 | V43: 34.85 | W43: 4.98

Sheet 1S CP10
B1: Set Point | F1: Actual (Avg over 10 sec) | J1: Measurement | M1: Calculated
B2: Hot Side | C2: Cold Side | D2: ΔT | F2: Hot Side | G2: Cold Side | H2: ΔT | J2: Voc [mV] | K2: Vload [mV] | M2: mA | N2: R [Ω] | O2: Power [µW] | P2: Pmax [µW]
B3: 35 | C3: 20 | D3: =B3-C3 -> 15 | F3: 35.5 | G3: 20.7 | H3: =F3-G3 -> 14.8 | J3: 58.1 | K3: 41.6 | M3: =ABS(K3)/10.3 -> 4.038835 | N3: =ABS(J3*10^-3)/(M3*10^-3)-$I$32 -> 4.0853365 | O3: =ABS(K3*10^-3)*ABS(M3*10^-3)*10^6 -> 168.01553 | P3: =(J3*J3)/(4*N3) -> 206.56866
B4: 35 | C4: 22 | D4: =B4-C4 -> 13 | F4: 34.9 | G4: 22.2 | H4: =F4-G4 -> 12.7 | J4: 46.5 | K4: 35.5 | M4: =ABS(K4)/10.3 -> 3.4466019 | N4: =ABS(J4*10^-3)/(M4*10^-3)-$I$32 -> 3.1915493 | O4: =ABS(K4*10^-3)*ABS(M4*10^-3)*10^6 -> 122.35437 | P4: =(J4*J4)/(4*N4) -> 169.37307
B5: 35 | C5: 24 | D5: =B5-C5 -> 11 | F5: 35 | G5: 24.2 | H5: =F5-G5 -> 10.8 | J5: 39.3 | K5: 29.8 | M5: =ABS(K5)/10.3 -> 2.8932039 | N5: =ABS(J5*10^-3)/(M5*10^-3)-$I$32 -> 3.283557 | O5: =ABS(K5*10^-3)*ABS(M5*10^-3)*10^6 -> 86.217476 | P5: =(J5*J5)/(4*N5) -> 117.59275
B6: 35 | C6: 26 | D6: =B6-C6 -> 9 | F6: 34.9 | G6: 25.9 | H6: =F6-G6 -> 9 | J6: 34 | K6: 26 | M6: =ABS(K6)/10.3 -> 2.5242718 | N6: =ABS(J6*10^-3)/(M6*10^-3)-$I$32 -> 3.1692308 | O6: =ABS(K6*10^-3)*ABS(M6*10^-3)*10^6 -> 65.631068 | P6: =(J6*J6)/(4*N6) -> 91.18932
B7: 35 | C7: 28 | D7: =B7-C7 -> 7 | F7: 35 | G7: 28 | H7: =F7-G7 -> 7 | J7: 26.4 | K7: 20 | M7: =ABS(K7)/10.3 -> 1.9417476 | N7: =ABS(J7*10^-3)/(M7*10^-3)-$I$32 -> 3.296 | O7: =ABS(K7*10^-3)*ABS(M7*10^-3)*10^6 -> 38.834951 | P7: =(J7*J7)/(4*N7) -> 52.864078
B8: 35 | C8: 30 | D8: =B8-C8 -> 5 | F8: 35 | G8: 30 | H8: =F8-G8 -> 5 | J8: 18.5 | K8: 14.5 | M8: =ABS(K8)/10.3 -> 1.407767 | N8: =ABS(J8*10^-3)/(M8*10^-3)-$I$32 -> 2.8413793 | O8: =ABS(K8*10^-3)*ABS(M8*10^-3)*10^6 -> 20.412621 | P8: =(J8*J8)/(4*N8) -> 30.113016
B9: 35 | C9: 31 | D9: =B9-C9 -> 4 | F9: 35 | G9: 31 | H9: =F9-G9 -> 4 | J9: 14.8 | K9: 11.1 | M9: =ABS(K9)/10.3 -> 1.0776699 | N9: =ABS(J9*10^-3)/(M9*10^-3)-$I$32 -> 3.4333333 | O9: =ABS(K9*10^-3)*ABS(M9*10^-3)*10^6 -> 11.962136 | P9: =(J9*J9)/(4*N9) -> 15.949515
B10: 35 | C10: 32 | D10: =B10-C10 -> 3 | F10: 35 | G10: 32 | H10: =F10-G10 -> 3 | J10: 11.5 | K10: 8.7 | M10: =ABS(K10)/10.3 -> 0.84466019 | N10: =ABS(J10*10^-3)/(M10*10^-3)-$I$32 -> 3.3149425 | O10: =ABS(K10*10^-3)*ABS(M10*10^-3)*10^6 -> 7.3485437 | P10: =(J10*J10)/(4*N10) -> 9.9737777
B11: 35 | C11: 33 | D11: =B11-C11 -> 2 | F11: 35 | G11: 33 | H11: =F11-G11 -> 2 | J11: 8 | K11: 6.2 | M11: =ABS(K11)/10.3 -> 0.60194175 | N11: =ABS(J11*10^-3)/(M11*10^-3)-$I$32 -> 2.9903226 | O11: =ABS(K11*10^-3)*ABS(M11*10^-3)*10^6 -> 3.7320388 | P11: =(J11*J11)/(4*N11) -> 5.3505933
B12: 35 | C12: 34 | D12: =B12-C12 -> 1 | F12: 35 | G12: 34.1 | H12: =F12-G12 -> 0.9 | J12: 4.6 | K12: 3.3 | M12: =ABS(K12)/10.3 -> 0.32038835 | N12: =ABS(J12*10^-3)/(M12*10^-3)-$I$32 -> 4.0575758 | O12: =ABS(K12*10^-3)*ABS(M12*10^-3)*10^6 -> 1.0572816 | P12: =(J12*J12)/(4*N12) -> 1.3037341
B28: Open-Circuit
B29: {=LINEST(J3:J12,H3:H12,0)} -> 3.7724926 | C29: 0
B31: Measurements Setup | I31: Load
B32: Fluke 17B+ | D32: 20 Ambient | I32: 10.3 | J32: Ohm | L32: TEGS
B33: 1S
T43: 30| | U43: 29.88 | V43: 34.85 | W43: 4.98

Sheet 1S MGM250
B1: Set Point | F1: Actual (Avg over 10 sec) | J1: Measurement | M1: Calculated
B2: Hot Side | C2: Cold Side | D2: ΔT | F2: Hot Side | G2: Cold Side | H2: ΔT | J2: Voc [mV] | K2: Vload [mV] | M2: mA | N2: R [Ω] | O2: Power [µW] | P2: Pmax [µW]
B3: 35 | C3: 20 | D3: =B3-C3 -> 15 | F3: 34.9 | G3: 20.4 | H3: =F3-G3 -> 14.5 | J3: 43 | K3: 35.5 | M3: =ABS(K3)/10.3 -> 3.4466019 | N3: =ABS(J3*10^-3)/(M3*10^-3)-$I$32 -> 2.1760563 | O3: =ABS(K3*10^-3)*ABS(M3*10^-3)*10^6 -> 122.35437 | P3: =(J3*J3)/(4*N3) -> 212.42557
B4: 35 | C4: 22 | D4: =B4-C4 -> 13 | F4: 35 | G4: 22.2 | H4: =F4-G4 -> 12.8 | J4: 38.1 | K4: 31.7 | M4: =ABS(K4)/10.3 -> 3.0776699 | N4: =ABS(J4*10^-3)/(M4*10^-3)-$I$32 -> 2.0794953 | O4: =ABS(K4*10^-3)*ABS(M4*10^-3)*10^6 -> 97.562136 | P4: =(J4*J4)/(4*N4) -> 174.5147
B5: 35 | C5: 24 | D5: =B5-C5 -> 11 | F5: 35 | G5: 24.3 | H5: =F5-G5 -> 10.7 | J5: 32.3 | K5: 27.2 | M5: =ABS(K5)/10.3 -> 2.6407767 | N5: =ABS(J5*10^-3)/(M5*10^-3)-$I$32 -> 1.93125 | O5: =ABS(K5*10^-3)*ABS(M5*10^-3)*10^6 -> 71.829126 | P5: =(J5*J5)/(4*N5) -> 135.05372
B6: 35 | C6: 26 | D6: =B6-C6 -> 9 | F6: 35 | G6: 26 | H6: =F6-G6 -> 9 | J6: 28.1 | K6: 22.9 | M6: =ABS(K6)/10.3 -> 2.223301 | N6: =ABS(J6*10^-3)/(M6*10^-3)-$I$32 -> 2.3388646 | O6: =ABS(K6*10^-3)*ABS(M6*10^-3)*10^6 -> 50.913592 | P6: =(J6*J6)/(4*N6) -> 84.400994
B7: 35 | C7: 28 | D7: =B7-C7 -> 7 | F7: 34.9 | G7: 27.9 | H7: =F7-G7 -> 7 | J7: 22.89 | K7: 18.6 | M7: =ABS(K7)/10.3 -> 1.8058252 | N7: =ABS(J7*10^-3)/(M7*10^-3)-$I$32 -> 2.3756452 | O7: =ABS(K7*10^-3)*ABS(M7*10^-3)*10^6 -> 33.58835 | P7: =(J7*J7)/(4*N7) -> 55.137875
B8: 35 | C8: 30 | D8: =B8-C8 -> 5 | F8: 35 | G8: 29.9 | H8: =F8-G8 -> 5.1 | J8: 16.4 | K8: 13.9 | M8: =ABS(K8)/10.3 -> 1.3495146 | N8: =ABS(J8*10^-3)/(M8*10^-3)-$I$32 -> 1.852518 | O8: =ABS(K8*10^-3)*ABS(M8*10^-3)*10^6 -> 18.758252 | P8: =(J8*J8)/(4*N8) -> 36.296544
B9: 35 | C9: 31 | D9: =B9-C9 -> 4 | F9: 35 | G9: 31 | H9: =F9-G9 -> 4 | J9: 14.2 | K9: 11.3 | M9: =ABS(K9)/10.3 -> 1.0970874 | N9: =ABS(J9*10^-3)/(M9*10^-3)-$I$32 -> 2.6433628 | O9: =ABS(K9*10^-3)*ABS(M9*10^-3)*10^6 -> 12.397087 | P9: =(J9*J9)/(4*N9) -> 19.070405
B10: 35 | C10: 32 | D10: =B10-C10 -> 3 | F10: 35 | G10: 32 | H10: =F10-G10 -> 3 | J10: 11.7 | K10: 9.5 | M10: =ABS(K10)/10.3 -> 0.9223301 | N10: =ABS(J10*10^-3)/(M10*10^-3)-$I$32 -> 2.3852632 | O10: =ABS(K10*10^-3)*ABS(M10*10^-3)*10^6 -> 8.7621359 | P10: =(J10*J10)/(4*N10) -> 14.347474
B11: 35 | C11: 33 | D11: =B11-C11 -> 2 | F11: 35 | G11: 33 | H11: =F11-G11 -> 2 | J11: 8.9 | K11: 7.4 | M11: =ABS(K11)/10.3 -> 0.7184466 | N11: =ABS(J11*10^-3)/(M11*10^-3)-$I$32 -> 2.0878378 | O11: =ABS(K11*10^-3)*ABS(M11*10^-3)*10^6 -> 5.3165049 | P11: =(J11*J11)/(4*N11) -> 9.4846926
B12: 35 | C12: 34 | D12: =B12-C12 -> 1 | F12: 35.1 | G12: 34.1 | H12: =F12-G12 -> 1 | J12: 6 | K12: 5.1 | M12: =ABS(K12)/10.3 -> 0.49514563 | N12: =ABS(J12*10^-3)/(M12*10^-3)-$I$32 -> 1.8176471 | O12: =ABS(K12*10^-3)*ABS(M12*10^-3)*10^6 -> 2.5252427 | P12: =(J12*J12)/(4*N12) -> 4.9514563
B28: Open-Circuit
B29: {=LINEST(J3:J12,H3:H12,0)} -> 3.0674336 | C29: 0
B31: Measurements Setup | I31: Load
B32: Fluke 17B+ | D32: 17,1 Ambient | I32: 10.3 | J32: Ohm
B33: 1S

Sheet 1S 1MD04
B1: Set Point | F1: Actual (Avg over 10 sec) | J1: Measurement | M1: Calculated
B2: Hot Side | C2: Cold Side | D2: ΔT | F2: Hot Side | G2: Cold Side | H2: ΔT | J2: Voc [mV] | K2: Vload [mV] | M2: mA | N2: R [Ω] | O2: Power [µW] | P2: Pmax [µW]
B3: 35 | C3: 20 | D3: =B3-C3 -> 15 | F3: 34.9 | G3: 20.1 | H3: =F3-G3 -> 14.8 | J3: 275 | K3: 60.9 | M3: =ABS(K3)/10.3 -> 5.9126214 | N3: =ABS(J3*10^-3)/(M3*10^-3)-$I$32 -> 36.210673 | O3: =ABS(K3*10^-3)*ABS(M3*10^-3)*10^6 -> 360.07864 | P3: =(J3*J3)/(4*N3) -> 522.11816
B4: 35 | C4: 22 | D4: =B4-C4 -> 13 | F4: 35 | G4: 22 | H4: =F4-G4 -> 13 | J4: 242.2 | K4: 52.7 | M4: =ABS(K4)/10.3 -> 5.1165049 | N4: =ABS(J4*10^-3)/(M4*10^-3)-$I$32 -> 37.037002 | O4: =ABS(K4*10^-3)*ABS(M4*10^-3)*10^6 -> 269.63981 | P4: =(J4*J4)/(4*N4) -> 395.96105
B5: 35 | C5: 24 | D5: =B5-C5 -> 11 | F5: 35 | G5: 23.8 | H5: =F5-G5 -> 11.2 | J5: 210.5 | K5: 45.6 | M5: =ABS(K5)/10.3 -> 4.4271845 | N5: =ABS(J5*10^-3)/(M5*10^-3)-$I$32 -> 37.247149 | O5: =ABS(K5*10^-3)*ABS(M5*10^-3)*10^6 -> 201.87961 | P5: =(J5*J5)/(4*N5) -> 297.40699
B6: 35 | C6: 26 | D6: =B6-C6 -> 9 | F6: 34.9 | G6: 25.8 | H6: =F6-G6 -> 9.1 | J6: 171.4 | K6: 37.2 | M6: =ABS(K6)/10.3 -> 3.6116505 | N6: =ABS(J6*10^-3)/(M6*10^-3)-$I$32 -> 37.157527 | O6: =ABS(K6*10^-3)*ABS(M6*10^-3)*10^6 -> 134.3534 | P6: =(J6*J6)/(4*N6) -> 197.6582
B7: 35 | C7: 28 | D7: =B7-C7 -> 7 | F7: 35 | G7: 27.9 | H7: =F7-G7 -> 7.1 | J7: 132.8 | K7: 28.7 | M7: =ABS(K7)/10.3 -> 2.7864078 | N7: =ABS(J7*10^-3)/(M7*10^-3)-$I$32 -> 37.35993 | O7: =ABS(K7*10^-3)*ABS(M7*10^-3)*10^6 -> 79.969903 | P7: =(J7*J7)/(4*N7) -> 118.01307
B8: 35 | C8: 30 | D8: =B8-C8 -> 5 | F8: 34.9 | G8: 29.9 | H8: =F8-G8 -> 5 | J8: 97.7 | K8: 21 | M8: =ABS(K8)/10.3 -> 2.038835 | N8: =ABS(J8*10^-3)/(M8*10^-3)-$I$32 -> 37.619524 | O8: =ABS(K8*10^-3)*ABS(M8*10^-3)*10^6 -> 42.815534 | P8: =(J8*J8)/(4*N8) -> 63.433086
B9: 35 | C9: 31 | D9: =B9-C9 -> 4 | F9: 35 | G9: 30.9 | H9: =F9-G9 -> 4.1 | J9: 76.4 | K9: 16.6 | M9: =ABS(K9)/10.3 -> 1.6116505 | N9: =ABS(J9*10^-3)/(M9*10^-3)-$I$32 -> 37.104819 | O9: =ABS(K9*10^-3)*ABS(M9*10^-3)*10^6 -> 26.753398 | P9: =(J9*J9)/(4*N9) -> 39.327506
B10: 35 | C10: 32 | D10: =B10-C10 -> 3 | F10: 35 | G10: 32.1 | H10: =F10-G10 -> 2.9 | J10: 56 | K10: 12.1 | M10: =ABS(K10)/10.3 -> 1.1747573 | N10: =ABS(J10*10^-3)/(M10*10^-3)-$I$32 -> 37.369421 | O10: =ABS(K10*10^-3)*ABS(M10*10^-3)*10^6 -> 14.214563 | P10: =(J10*J10)/(4*N10) -> 20.97972
B11: 35 | C11: 33 | D11: =B11-C11 -> 2 | F11: 35.1 | G11: 33 | H11: =F11-G11 -> 2.1 | J11: 38.1 | K11: 8.6 | M11: =ABS(K11)/10.3 -> 0.83495146 | N11: =ABS(J11*10^-3)/(M11*10^-3)-$I$32 -> 35.331395 | O11: =ABS(K11*10^-3)*ABS(M11*10^-3)*10^6 -> 7.1805825 | P11: =(J11*J11)/(4*N11) -> 10.271389
B12: 35 | C12: 34 | D12: =B12-C12 -> 1 | F12: 35.1 | G12: 34.1 | H12: =F12-G12 -> 1 | J12: 20 | K12: 4.3 | M12: =ABS(K12)/10.3 -> 0.41747573 | N12: =ABS(J12*10^-3)/(M12*10^-3)-$I$32 -> 37.606977 | O12: =ABS(K12*10^-3)*ABS(M12*10^-3)*10^6 -> 1.7951456 | P12: =(J12*J12)/(4*N12) -> 2.6590811
B28: Open-Circuit
B29: {=LINEST(J3:J12,H3:H12,0)} -> 18.713383 | C29: 0
B31: Measurements Setup | I31: Load
B32: Fluke 17B+ | D32: 16,2 Ambient | I32: 10.3 | J32: Ohm
B33: 1S

Sheet 1S 1MD06
B1: Set Point | F1: Actual (Avg over 10 sec) | J1: Measurement | M1: Calculated
B2: Hot Side | C2: Cold Side | D2: ΔT | F2: Hot Side | G2: Cold Side | H2: ΔT | J2: Voc [mV] | K2: Vload [mV] | M2: mA | N2: R [Ω] | O2: Power [µW] | P2: Pmax [µW]
B3: 35 | C3: 20 | D3: =B3-C3 -> 15 | F3: 35 | G3: 20.5 | H3: =F3-G3 -> 14.5 | J3: 185 | K3: 66.7 | M3: =ABS(K3)/10.3 -> 6.4757282 | N3: =ABS(J3*10^-3)/(M3*10^-3)-$I$32 -> 18.268216 | O3: =ABS(K3*10^-3)*ABS(M3*10^-3)*10^6 -> 431.93107 | P3: =(J3*J3)/(4*N3) -> 468.36812
B4: 35 | C4: 22 | D4: =B4-C4 -> 13 | F4: 35 | G4: 22.2 | H4: =F4-G4 -> 12.8 | J4: 163.4 | K4: 58.4 | M4: =ABS(K4)/10.3 -> 5.6699029 | N4: =ABS(J4*10^-3)/(M4*10^-3)-$I$32 -> 18.518836 | O4: =ABS(K4*10^-3)*ABS(M4*10^-3)*10^6 -> 331.12233 | P4: =(J4*J4)/(4*N4) -> 360.43789
B5: 35 | C5: 24 | D5: =B5-C5 -> 11 | F5: 35 | G5: 24.2 | H5: =F5-G5 -> 10.8 | J5: 140.2 | K5: 49.6 | M5: =ABS(K5)/10.3 -> 4.815534 | N5: =ABS(J5*10^-3)/(M5*10^-3)-$I$32 -> 18.814113 | O5: =ABS(K5*10^-3)*ABS(M5*10^-3)*10^6 -> 238.85049 | P5: =(J5*J5)/(4*N5) -> 261.18744
B6: 35 | C6: 26 | D6: =B6-C6 -> 9 | F6: 34.9 | G6: 25.8 | H6: =F6-G6 -> 9.1 | J6: 121 | K6: 42 | M6: =ABS(K6)/10.3 -> 4.0776699 | N6: =ABS(J6*10^-3)/(M6*10^-3)-$I$32 -> 19.37381 | O6: =ABS(K6*10^-3)*ABS(M6*10^-3)*10^6 -> 171.26214 | P6: =(J6*J6)/(4*N6) -> 188.92774
B7: 35 | C7: 28 | D7: =B7-C7 -> 7 | F7: 34.9 | G7: 27.9 | H7: =F7-G7 -> 7 | J7: 91 | K7: 31.9 | M7: =ABS(K7)/10.3 -> 3.0970874 | N7: =ABS(J7*10^-3)/(M7*10^-3)-$I$32 -> 19.082445 | O7: =ABS(K7*10^-3)*ABS(M7*10^-3)*10^6 -> 98.797087 | P7: =(J7*J7)/(4*N7) -> 108.48977
B8: 35 | C8: 30 | D8: =B8-C8 -> 5 | F8: 35 | G8: 30 | H8: =F8-G8 -> 5 | J8: 66.4 | K8: 23.2 | M8: =ABS(K8)/10.3 -> 2.2524272 | N8: =ABS(J8*10^-3)/(M8*10^-3)-$I$32 -> 19.17931 | O8: =ABS(K8*10^-3)*ABS(M8*10^-3)*10^6 -> 52.256311 | P8: =(J8*J8)/(4*N8) -> 57.470262
B9: 35 | C9: 31 | D9: =B9-C9 -> 4 | F9: 34.9 | G9: 30.9 | H9: =F9-G9 -> 4 | J9: 52.7 | K9: 18.8 | M9: =ABS(K9)/10.3 -> 1.8252427 | N9: =ABS(J9*10^-3)/(M9*10^-3)-$I$32 -> 18.572872 | O9: =ABS(K9*10^-3)*ABS(M9*10^-3)*10^6 -> 34.314563 | P9: =(J9*J9)/(4*N9) -> 37.38369
B10: 35 | C10: 32 | D10: =B10-C10 -> 3 | F10: 35 | G10: 32 | H10: =F10-G10 -> 3 | J10: 41.1 | K10: 14 | M10: =ABS(K10)/10.3 -> 1.3592233 | N10: =ABS(J10*10^-3)/(M10*10^-3)-$I$32 -> 19.937857 | O10: =ABS(K10*10^-3)*ABS(M10*10^-3)*10^6 -> 19.029126 | P10: =(J10*J10)/(4*N10) -> 21.180937
B11: 35 | C11: 33 | D11: =B11-C11 -> 2 | F11: 35 | G11: 32.9 | H11: =F11-G11 -> 2.1 | J11: 26.6 | K11: 9.3 | M11: =ABS(K11)/10.3 -> 0.90291262 | N11: =ABS(J11*10^-3)/(M11*10^-3)-$I$32 -> 19.160215 | O11: =ABS(K11*10^-3)*ABS(M11*10^-3)*10^6 -> 8.3970874 | P11: =(J11*J11)/(4*N11) -> 9.2321511
B12: 35 | C12: 34 | D12: =B12-C12 -> 1 | F12: 35 | G12: 34.1 | H12: =F12-G12 -> 0.9 | J12: 15.8 | K12: 5 | M12: =ABS(K12)/10.3 -> 0.48543689 | N12: =ABS(J12*10^-3)/(M12*10^-3)-$I$32 -> 22.248 | O12: =ABS(K12*10^-3)*ABS(M12*10^-3)*10^6 -> 2.4271845 | P12: =(J12*J12)/(4*N12) -> 2.805196
B28: Open-Circuit
B29: {=LINEST(J3:J12,H3:H12,0)} -> 12.928559 | C29: 0
B31: Measurements Setup | I31: Load
B32: Fluke 17B+ | D32: 16,2 Ambient | I32: 10.3 | J32: Ohm
B33: 1S
